review,sentiment
"A heartfelt film with excellent performances and a strong ending.",positive
"The pacing was slow, but the story paid off beautifully.",positive
"I loved the soundtrack and the characters felt real.",positive
"Smart, funny, and emotionally satisfying from start to finish.",positive
"The movie was charming and better than I expected.",positive
"Brilliant direction and a memorable lead performance.",positive
"It was engaging, stylish, and genuinely moving.",positive
"A thoughtful script turned a simple idea into something special.",positive
"The visuals were stunning and the acting was fantastic.",positive
"One of the best films I have seen this year.",positive
"The plot was confusing and the acting felt flat.",negative
"I wanted to like it, but it was boring and far too long.",negative
"The jokes did not land and the story made no sense.",negative
"An empty film with weak dialogue and forgettable scenes.",negative
"It started well, then fell apart in the second half.",negative
"The characters were annoying and I stopped caring quickly.",negative
"A predictable script ruined what could have been interesting.",negative
"Poor editing and awkward performances made it hard to watch.",negative
"The ending was rushed and the whole movie felt unfinished.",negative
"I would not recommend this movie to anyone.",negative

